{"RMSE": 0.2077797127694194, "MAPE": 0.10694399340163711, "MAE": 261581.58312670502, "R2": 0.6650814426916409}